City,Date,Max Temperature,Min Temperature,Weather,Wind,Month
北京,2023-01-01,4,-7,多云,西北风 1级,1
北京,2023-01-02,3,-8,多云,东风 1级,1
北京,2023-01-03,3,-8,多云,东北风 1级,1
北京,2023-01-04,5,-8,晴,东北风 1级,1
北京,2023-01-05,4,-6,多云,西南风 1级,1
北京,2023-01-06,9,-7,多云,东北风 1级,1
北京,2023-01-07,7,-6,多云,南风 1级,1
北京,2023-01-08,12,-5,晴,西南风 3级,1
北京,2023-01-09,8,-6,多云,西风 5级,1
北京,2023-01-10,7,-6,晴,东南风 4级,1
北京,2023-01-11,2,-4,多云,北风 1级,1
北京,2023-01-12,3,0,多云,北风 1级,1
北京,2023-01-13,7,-4,多云,东北风 2级,1
北京,2023-01-14,-2,-10,阴,西北风 4级,1
北京,2023-01-15,0,-10,晴,西风 2级,1
北京,2023-01-16,1,-8,晴,东北风 3级,1
北京,2023-01-17,3,-9,晴,西北风 2级,1
北京,2023-01-18,3,-6,晴,北风 1级,1
北京,2023-01-19,4,-9,晴,西北风 1级,1
北京,2023-01-20,-1,-9,晴,南风 1级,1
北京,2023-01-21,1,-9,晴,北风 1级,1
北京,2023-01-22,4,-8,多云,西北风 2级,1
北京,2023-01-23,-3,-14,多云,西北风 3级,1
北京,2023-01-24,-6,-13,晴,西南风 1级,1
北京,2023-01-25,-4,-10,多云,东北风 2级,1
北京,2023-01-26,1,-9,多云,西北风 2级,1
北京,2023-01-27,2,-9,晴,西风 3级,1
北京,2023-01-28,6,-5,晴,西南风 1级,1
北京,2023-01-29,10,-6,晴,北风 1级,1
北京,2023-01-30,8,-5,晴,东风 2级,1
北京,2023-01-31,14,-3,晴,北风 3级,1
北京,2023-02-01,4,-8,多云,东北风 2级,2
北京,2023-02-02,2,-7,多云,东北风 1级,2
北京,2023-02-03,5,-5,多云,东风 1级,2
北京,2023-02-04,9,-6,晴,南风 2级,2
北京,2023-02-05,6,-4,多云,东北风 1级,2
北京,2023-02-06,8,-5,多云,东南风 2级,2
北京,2023-02-07,6,-5,晴,东北风 1级,2
北京,2023-02-08,7,-2,多云,南风 2级,2
北京,2023-02-09,1,-5,多云,北风 2级,2
北京,2023-02-10,3,-3,多云,北风 2级,2
北京,2023-02-11,3,0,多云,东北风 2级,2
北京,2023-02-12,2,-4,大雪,北风 1级,2
北京,2023-02-13,6,-2,多云,西风 3级,2
北京,2023-02-14,4,-5,多云,南风 1级,2
北京,2023-02-15,4,-6,多云,西南风 2级,2
北京,2023-02-16,6,-4,多云,西南风 1级,2
北京,2023-02-17,5,-1,多云,东北风 1级,2
北京,2023-02-18,4,-5,多云,西北风 3级,2
北京,2023-02-19,11,-3,晴,北风 2级,2
北京,2023-02-20,6,-5,晴,西北风 2级,2
北京,2023-02-21,5,-3,多云,北风 1级,2
北京,2023-02-22,9,-2,多云,东北风 2级,2
北京,2023-02-23,10,0,多云,北风 2级,2
北京,2023-02-24,7,-5,多云,北风 2级,2
北京,2023-02-25,10,-4,晴,西南风 2级,2
北京,2023-02-26,11,-1,晴,南风 1级,2
北京,2023-02-27,12,1,多云,北风 1级,2
北京,2023-02-28,14,-1,多云,北风 2级,2
北京,2023-03-01,10,-3,晴,东北风 2级,3
北京,2023-03-02,14,0,晴,西北风 2级,3
北京,2023-03-03,20,0,晴,东北风 1级,3
北京,2023-03-04,16,0,多云~晴,北风 1级,3
北京,2023-03-05,11,2,多云~晴,北风 1级,3
北京,2023-03-06,23,3,多云~晴,西南风 1级,3
北京,2023-03-07,21,7,多云,东北风 1级,3
北京,2023-03-08,19,2,多云~晴,东南风 2级,3
北京,2023-03-09,19,6,多云~晴,东北风 1级,3
北京,2023-03-10,27,8,多云,北风 3级,3
北京,2023-03-11,14,1,多云~小雨,北风 4级,3
北京,2023-03-12,11,-1,多云,东南风 2级,3
北京,2023-03-13,15,3,多云,东北风 1级,3
北京,2023-03-14,21,1,扬沙~晴,北风 3级,3
北京,2023-03-15,11,-1,多云~晴,东北风 1级,3
北京,2023-03-16,11,1,多云,北风 1级,3
北京,2023-03-17,10,1,多云,北风 1级,3
北京,2023-03-18,17,1,多云~晴,西南风 2级,3
北京,2023-03-19,14,5,多云,北风 1级,3
北京,2023-03-20,16,7,多云,东北风 1级,3
北京,2023-03-21,18,10,多云,东南风 1级,3
北京,2023-03-22,15,4,多云,北风 2级,3
北京,2023-03-23,12,4,多云,西北风 2级,3
北京,2023-03-24,13,3,多云~阴,西北风 1级,3
北京,2023-03-25,15,-1,多云~晴,西南风 1级,3
北京,2023-03-26,16,3,多云~晴,西南风 3级,3
北京,2023-03-27,20,5,多云~晴,北风 3级,3
北京,2023-03-28,21,7,多云,北风 4级,3
北京,2023-03-29,25,10,多云~晴,西风 4级,3
北京,2023-03-30,25,11,多云~晴,西风 1级,3
北京,2023-03-31,23,10,多云,东南风 2级,3
北京,2023-04-01,22,12,多云,东南风 3级,4
北京,2023-04-02,20,13,多云~阴,东北风 4级,4
北京,2023-04-03,18,9,多云~小雨,北风 2级,4
北京,2023-04-04,12,6,小雨,北风 2级,4
北京,2023-04-05,17,9,多云~小雨,西风 0级,4
北京,2023-04-06,18,5,多云~晴,西北风 3级,4
北京,2023-04-07,16,4,晴,北风 3级,4
北京,2023-04-08,22,8,晴~多云,西南风 4级,4
北京,2023-04-09,22,10,多云,东南风 2级,4
北京,2023-04-10,28,11,多云,东南风 1级,4
北京,2023-04-11,18,5,多云~晴,西北风 5级,4
北京,2023-04-12,22,11,多云~晴,西风 2级,4
北京,2023-04-13,22,13,多云,西风 5级,4
北京,2023-04-14,20,8,多云~晴,南风 3级,4
北京,2023-04-15,20,7,多云~晴,东南风 3级,4
北京,2023-04-16,21,10,多云,西北风 3级,4
北京,2023-04-17,21,10,多云,东北风 2级,4
北京,2023-04-18,27,9,多云~晴,东北风 3级,4
北京,2023-04-19,26,16,多云~扬沙,南风 1级,4
北京,2023-04-20,18,12,多云~阴,东风 2级,4
北京,2023-04-21,14,8,多云~小雨,东南风 3级,4
北京,2023-04-22,14,7,多云,南风 1级,4
北京,2023-04-23,16,6,多云,西风 4级,4
北京,2023-04-24,17,8,多云~阴,东北风 3级,4
北京,2023-04-25,20,5,多云~晴,东北风 3级,4
北京,2023-04-26,19,10,多云,西南风 1级,4
北京,2023-04-27,20,12,多云~小雨,西南风 3级,4
北京,2023-04-28,21,11,雾~多云,西北风 2级,4
北京,2023-04-29,24,9,多云~晴,东风 3级,4
北京,2023-04-30,24,11,多云~晴,西南风 2级,4
北京,2023-05-01,25,16,多云~小雨,西北风 3级,5
北京,2023-05-02,28,16,多云~晴,东北风 3级,5
北京,2023-05-03,27,15,多云,东南风 2级,5
北京,2023-05-04,20,15,多云~小雨,西北风 2级,5
北京,2023-05-05,19,14,多云,西北风 2级,5
北京,2023-05-06,24,12,多云~晴,东风 1级,5
北京,2023-05-07,26,11,晴,南风 1级,5
北京,2023-05-08,28,13,多云,东南风 2级,5
北京,2023-05-09,27,14,多云,东风 3级,5
北京,2023-05-10,27,14,多云,西南风 6级,5
北京,2023-05-11,27,13,多云,西北风 2级,5
北京,2023-05-12,25,15,小雨~晴,西南风 2级,5
北京,2023-05-13,28,16,多云~晴,东风 4级,5
北京,2023-05-14,30,16,晴,东北风 2级,5
北京,2023-05-15,34,22,多云~晴,东南风 3级,5
北京,2023-05-16,34,20,多云~小雨,西北风 1级,5
北京,2023-05-17,27,15,多云,东北风 3级,5
北京,2023-05-18,28,14,多云~小雨,东南风 2级,5
北京,2023-05-19,20,14,小雨~扬沙,北风 5级,5
北京,2023-05-20,24,16,多云~扬沙,南风 2级,5
北京,2023-05-21,26,15,多云,北风 3级,5
北京,2023-05-22,30,15,晴,东南风 1级,5
北京,2023-05-23,30,18,多云,南风 2级,5
北京,2023-05-24,28,18,多云~小雨,南风 2级,5
北京,2023-05-25,25,16,多云,西北风 2级,5
北京,2023-05-26,29,19,多云,西风 2级,5
北京,2023-05-27,22,16,小雨~多云,东北风 2级,5
北京,2023-05-28,28,19,多云~晴,西风 3级,5
北京,2023-05-29,31,19,多云~小雨,西南风 3级,5
北京,2023-05-30,25,15,多云,东北风 4级,5
北京,2023-05-31,26,16,多云,东南风 3级,5
北京,2023-06-01,31,16,多云~晴,东北风 2级,6
北京,2023-06-02,31,17,多云,东南风 2级,6
北京,2023-06-03,33,19,多云,西南风 2级,6
北京,2023-06-04,33,20,多云~晴,西风 2级,6
北京,2023-06-05,35,21,多云,东南风 3级,6
北京,2023-06-06,34,22,晴,西南风 1级,6
北京,2023-06-07,37,21,阴~晴,南风 4级,6
北京,2023-06-08,34,19,多云,西风 4级,6
北京,2023-06-09,34,20,多云,北风 3级,6
北京,2023-06-10,30,17,多云~晴,东风 4级,6
北京,2023-06-11,30,17,小雨,西北风 3级,6
北京,2023-06-12,30,19,多云,西风 2级,6
北京,2023-06-13,33,20,晴,西北风 2级,6
北京,2023-06-14,36,21,多云~晴,北风 4级,6
北京,2023-06-15,37,23,晴,北风 3级,6
北京,2023-06-16,39,24,晴,北风 4级,6
北京,2023-06-17,37,22,多云~晴,北风 2级,6
北京,2023-06-18,34,22,多云,东南风 2级,6
北京,2023-06-19,28,18,小雨,东风 1级,6
北京,2023-06-20,34,19,多云~晴,东风 1级,6
北京,2023-06-21,38,22,多云~晴,北风 3级,6
北京,2023-06-22,41,24,多云~晴,西北风 3级,6
北京,2023-06-23,40,26,多云,南风 3级,6
北京,2023-06-24,40,25,多云~晴,南风 2级,6
北京,2023-06-25,34,22,多云,东南风 2级,6
北京,2023-06-26,32,24,多云,东北风 2级,6
北京,2023-06-27,30,25,小雨到大雨,西风 4级,6
北京,2023-06-28,35,25,晴,西北风 3级,6
北京,2023-06-29,17,10,晴,西风 4级,6
北京,2023-06-30,30,26,小雨,西南风 3级,6
北京,2023-07-01,39,25,多云,东北风 2级,7
北京,2023-07-02,38,24,多云,南风 2级,7
北京,2023-07-03,33,23,多云~中雨,东南风 1级,7
北京,2023-07-04,31,21,小雨~晴,西风 5级,7
北京,2023-07-05,40,23,晴,东南风 3级,7
北京,2023-07-06,41,24,晴,西风 2级,7
北京,2023-07-07,37,23,多云~晴,西北风 3级,7
北京,2023-07-08,37,24,晴,西风 3级,7
北京,2023-07-09,38,25,晴,南风 2级,7
北京,2023-07-10,39,26,多云~小雨,南风 3级,7
北京,2023-07-11,34,24,多云~小雨,西南风 1级,7
北京,2023-07-12,23,21,小雨,西南风 2级,7
北京,2023-07-13,23,22,小雨~多云,南风 1级,7
北京,2023-07-14,35,23,多云~晴,西南风 5级,7
北京,2023-07-15,32,23,阴~晴,西风 1级,7
北京,2023-07-16,36,21,晴,西南风 2级,7
北京,2023-07-17,36,23,晴,西北风 2级,7
北京,2023-07-18,36,25,晴,东南风 4级,7
北京,2023-07-19,37,24,晴,北风 2级,7
北京,2023-07-20,36,24,小雨~雷阵雨,东北风 1级,7
北京,2023-07-21,27,21,小雨~中雨,东南风 2级,7
北京,2023-07-22,26,22,暴雨~多云,西南风 4级,7
北京,2023-07-23,34,24,多云,西北风 3级,7
北京,2023-07-24,34,24,多云~雷阵雨,西南风 2级,7
北京,2023-07-25,34,24,晴~多云,北风 4级,7
北京,2023-07-26,34,24,大雨~小雨,西南风 2级,7
北京,2023-07-27,33,24,多云~小雨,西南风 4级,7
北京,2023-07-28,30,23,阴~小雨,北风 1级,7
北京,2023-07-29,29,23,小雨~大雨,西北风 2级,7
北京,2023-07-30,24,21,大暴雨~暴雨,南风 1级,7
北京,2023-07-31,26,24,暴雨~大雨,南风 2级,7
北京,2023-08-01,28,25,中雨~小雨,东南风 2级,8
北京,2023-08-02,31,26,多云~晴,西南风 3级,8
北京,2023-08-03,32,26,多云~小雨,西南风 2级,8
北京,2023-08-04,34,26,多云,东北风 1级,8
北京,2023-08-05,36,25,阴~小雨,东北风 2级,8
北京,2023-08-06,28,23,阴~多云,南风 2级,8
北京,2023-08-07,27,23,阴~小雨,东南风 1级,8
北京,2023-08-08,31,24,多云,南风 2级,8
北京,2023-08-09,33,24,多云~小雨,东南风 1级,8
北京,2023-08-10,32,23,多云~阴,东南风 2级,8
北京,2023-08-11,29,23,阴~中雨,东南风 1级,8
北京,2023-08-12,31,22,阴~晴,东风 2级,8
北京,2023-08-13,34,23,多云~晴,南风 1级,8
北京,2023-08-14,35,24,晴,西南风 1级,8
北京,2023-08-15,34,24,阴~晴,西南风 2级,8
北京,2023-08-16,35,24,阴~多云,南风 1级,8
北京,2023-08-17,32,25,阴,东南风 2级,8
北京,2023-08-18,36,22,阴~多云,西北风 1级,8
北京,2023-08-19,35,23,晴~多云,东南风 1级,8
北京,2023-08-20,33,23,阴~中雨,东南风 2级,8
北京,2023-08-21,29,22,阴~晴,西南风 2级,8
北京,2023-08-22,31,20,晴,东北风 2级,8
北京,2023-08-23,31,21,多云~雷阵雨,东南风 1级,8
北京,2023-08-24,22,18,小雨~多云,东北风 1级,8
北京,2023-08-25,28,21,阴~雷阵雨,西南风 1级,8
北京,2023-08-26,25,25,多云,东南风 4级,8
北京,2023-08-27,32,22,晴,西风 1级,8
北京,2023-08-28,33,25,多云,东南风 3级,8
北京,2023-08-29,22,10,阴,北风 2级,8
北京,2023-08-30,32,20,晴,西南风 3级,8
北京,2023-08-31,25,24,晴,东南风 4级,8
北京,2023-09-01,25,25,阴,东南风 4级,9
北京,2023-09-02,32,24,多云,东北风 3级,9
北京,2023-09-03,29,22,晴,北风 5级,9
北京,2023-09-04,23,13,多云,东北风 1级,9
北京,2023-09-05,22,13,晴,西风 3级,9
北京,2023-09-06,29,16,晴,东北风 4级,9
北京,2023-09-07,29,27,阴,北风 1级,9
北京,2023-09-08,28,16,阴,西风 3级,9
北京,2023-09-09,29,19,多云,东风 1级,9
北京,2023-09-10,25,22,晴,南风 2级,9
北京,2023-09-11,28,20,阴,西南风 3级,9
北京,2023-09-12,24,17,晴,西风 3级,9
北京,2023-09-13,25,25,晴,东南风 4级,9
北京,2023-09-14,27,19,晴,东北风 4级,9
北京,2023-09-15,30,19,晴,西北风 3级,9
北京,2023-09-16,32,17,晴,北风 3级,9
北京,2023-09-17,21,13,阴,东风 4级,9
北京,2023-09-18,30,21,阴,西南风 3级,9
北京,2023-09-19,30,25,阴,西风 1级,9
北京,2023-09-20,25,20,阴,东南风 1级,9
北京,2023-09-21,27,14,晴,西南风 3级,9
北京,2023-09-22,17,10,晴,东风 2级,9
北京,2023-09-23,18,8,阴,西风 2级,9
北京,2023-09-24,24,17,晴,西南风 2级,9
福州,2023-01-01,15,12,阴,西北风 2级,1
福州,2023-01-02,14,12,多云,东北风 2级,1
福州,2023-01-03,12,11,多云,东北风 3级,1
福州,2023-01-04,12,11,多云,北风 2级,1
福州,2023-01-05,17,11,多云,东北风 1级,1
福州,2023-01-06,21,10,多云,南风 4级,1
福州,2023-01-07,20,9,晴,北风 2级,1
福州,2023-01-08,18,13,多云,东北风 2级,1
福州,2023-01-09,17,12,小雨,西风 2级,1
福州,2023-01-10,14,12,雾,东北风 2级,1
福州,2023-01-11,17,13,阴,西北风 2级,1
福州,2023-01-12,20,16,小雨,东南风 1级,1
福州,2023-01-13,18,16,小雨,西风 1级,1
福州,2023-01-14,26,11,雾,西南风 2级,1
福州,2023-01-15,11,8,小雨,北风 2级,1
福州,2023-01-16,8,7,阴,东北风 3级,1
福州,2023-01-17,11,8,多云,西风 2级,1
福州,2023-01-18,10,6,多云,东风 2级,1
福州,2023-01-19,15,9,多云,西北风 2级,1
福州,2023-01-20,15,9,多云,北风 2级,1
福州,2023-01-21,13,9,小雨,西北风 2级,1
福州,2023-01-22,17,13,雾,东南风 1级,1
福州,2023-01-23,15,8,雾,东风 1级,1
福州,2023-01-24,16,3,多云,东北风 2级,1
福州,2023-01-25,7,6,多云,西北风 2级,1
福州,2023-01-26,16,7,多云,北风 3级,1
福州,2023-01-27,16,3,多云,北风 3级,1
福州,2023-01-28,12,4,多云,西北风 2级,1
福州,2023-01-29,15,4,晴,西风 1级,1
福州,2023-01-30,17,6,晴,西北风 2级,1
福州,2023-01-31,21,10,晴,东风 2级,1
福州,2023-02-01,18,10,多云,东南风 1级,2
福州,2023-02-02,18,8,多云,西北风 2级,2
福州,2023-02-03,13,10,多云,西北风 2级,2
福州,2023-02-04,11,10,小雨,西北风 2级,2
福州,2023-02-05,15,10,小雨,西南风 1级,2
福州,2023-02-06,21,13,雾,南风 2级,2
福州,2023-02-07,16,12,雾,东北风 3级,2
福州,2023-02-08,13,12,多云,北风 2级,2
福州,2023-02-09,17,13,小雨,东南风 1级,2
福州,2023-02-10,14,12,小雨,东风 2级,2
福州,2023-02-11,15,14,小雨,东风 2级,2
福州,2023-02-12,22,16,小雨,西南风 1级,2
福州,2023-02-13,26,10,雾,西风 1级,2
福州,2023-02-14,11,8,多云,北风 1级,2
福州,2023-02-15,13,8,多云,北风 2级,2
福州,2023-02-16,16,7,多云,西风 2级,2
福州,2023-02-17,19,11,多云,南风 1级,2
福州,2023-02-18,26,13,多云,西南风 1级,2
福州,2023-02-19,21,9,多云,东北风 2级,2
福州,2023-02-20,16,7,多云,东北风 2级,2
福州,2023-02-21,14,7,多云,东风 3级,2
福州,2023-02-22,15,9,多云,北风 1级,2
福州,2023-02-23,18,10,多云,东北风 2级,2
福州,2023-02-24,19,9,多云,西北风 2级,2
福州,2023-02-25,16,7,多云,东北风 3级,2
福州,2023-02-26,14,6,多云,北风 2级,2
福州,2023-02-27,18,10,多云,西北风 2级,2
福州,2023-02-28,22,11,多云,北风 1级,2
福州,2023-03-01,25,13,多云~阴,东北风 2级,3
福州,2023-03-02,16,8,多云~晴,北风 2级,3
福州,2023-03-03,18,11,晴~多云,西风 2级,3
福州,2023-03-04,22,9,多云,东北风 1级,3
福州,2023-03-05,22,9,晴,北风 1级,3
福州,2023-03-06,23,9,晴,北风 1级,3
福州,2023-03-07,24,11,晴,北风 1级,3
福州,2023-03-08,26,15,晴~多云,西北风 1级,3
福州,2023-03-09,26,13,多云,北风 1级,3
福州,2023-03-10,26,13,多云,东风 1级,3
福州,2023-03-11,26,15,晴~多云,东北风 1级,3
福州,2023-03-12,23,11,多云~小雨,东风 2级,3
福州,2023-03-13,17,9,多云,东北风 1级,3
福州,2023-03-14,22,11,多云~晴,北风 1级,3
福州,2023-03-15,24,14,晴~多云,东风 1级,3
福州,2023-03-16,24,15,多云~阴,北风 3级,3
福州,2023-03-17,26,13,雾~阴,东风 1级,3
福州,2023-03-18,16,12,多云~小雨,东北风 2级,3
福州,2023-03-19,15,13,多云~小雨,南风 3级,3
福州,2023-03-20,25,15,多云~阴,东风 1级,3
福州,2023-03-21,28,18,多云~阴,东南风 1级,3
福州,2023-03-22,30,19,雾~小雨,南风 1级,3
福州,2023-03-23,24,14,大雨~中雨,西风 1级,3
福州,2023-03-24,16,13,中雨,东北风 2级,3
福州,2023-03-25,16,12,中雨~小雨,东北风 1级,3
福州,2023-03-26,13,12,雾~小雨,西南风 2级,3
福州,2023-03-27,16,10,小雨~阴,北风 2级,3
福州,2023-03-28,16,12,多云,东风 2级,3
福州,2023-03-29,16,11,中雨~小雨,东北风 1级,3
福州,2023-03-30,15,14,小雨~阴,东南风 2级,3
福州,2023-03-31,18,14,雾~阴,东南风 1级,3
福州,2023-04-01,22,14,雾~多云,东北风 1级,4
福州,2023-04-02,25,14,雾~阴,西风 1级,4
福州,2023-04-03,24,16,多云~阴,北风 1级,4
福州,2023-04-04,24,19,多云~中雨,南风 2级,4
福州,2023-04-05,21,16,小雨,西南风 2级,4
福州,2023-04-06,17,15,小雨,南风 1级,4
福州,2023-04-07,15,13,多云~阴,东北风 2级,4
福州,2023-04-08,19,11,雾~晴,北风 3级,4
福州,2023-04-09,22,13,晴,西风 2级,4
福州,2023-04-10,26,15,晴~多云,东南风 1级,4
福州,2023-04-11,31,17,多云~中雨,东南风 1级,4
福州,2023-04-12,20,16,中雨~阴,东风 3级,4
福州,2023-04-13,23,18,多云~阴,北风 1级,4
福州,2023-04-14,29,20,多云~小雨,西风 2级,4
福州,2023-04-15,30,18,多云,东南风 2级,4
福州,2023-04-16,33,20,多云~晴,西风 2级,4
福州,2023-04-17,31,19,晴~多云,东南风 2级,4
福州,2023-04-18,27,22,多云~小雨,东南风 3级,4
福州,2023-04-19,28,20,小雨~中雨,西风 2级,4
福州,2023-04-20,22,19,雾~阴,东北风 1级,4
福州,2023-04-21,20,17,小雨~阴,西风 2级,4
福州,2023-04-22,23,17,多云~阴,南风 2级,4
福州,2023-04-23,24,17,多云~阴,南风 2级,4
福州,2023-04-24,23,17,多云~小雨,东北风 1级,4
福州,2023-04-25,20,16,小雨,东北风 2级,4
福州,2023-04-26,17,15,多云,东北风 2级,4
福州,2023-04-27,24,16,多云,南风 2级,4
福州,2023-04-28,25,19,多云~阴,西风 1级,4
福州,2023-04-29,29,16,小雨~中雨,北风 1级,4
福州,2023-04-30,19,15,小雨~阴,东北风 1级,4
福州,2023-05-01,27,16,多云,北风 1级,5
福州,2023-05-02,26,19,多云~阴,南风 1级,5
福州,2023-05-03,30,21,多云,南风 1级,5
福州,2023-05-04,32,23,多云~阴,东南风 2级,5
福州,2023-05-05,32,23,小雨~中雨,西风 1级,5
福州,2023-05-06,31,21,多云~大雨,东南风 1级,5
福州,2023-05-07,22,18,小雨,东南风 2级,5
福州,2023-05-08,21,17,小雨,东北风 1级,5
福州,2023-05-09,23,15,多云~晴,北风 1级,5
福州,2023-05-10,26,17,晴~多云,北风 1级,5
福州,2023-05-11,24,19,多云~阴,南风 1级,5
福州,2023-05-12,24,18,多云~阴,西北风 1级,5
福州,2023-05-13,27,20,雾~阴,东南风 1级,5
福州,2023-05-14,25,19,多云~阴,西风 1级,5
福州,2023-05-15,30,20,雾~阴,东南风 2级,5
福州,2023-05-16,28,21,雾~小雨,东风 1级,5
福州,2023-05-17,30,24,小雨,东南风 2级,5
福州,2023-05-18,34,23,多云,西风 1级,5
福州,2023-05-19,28,22,雾~阴,东南风 2级,5
福州,2023-05-20,26,23,多云~小雨,北风 2级,5
福州,2023-05-21,30,24,小雨,东南风 2级,5
福州,2023-05-22,31,21,雾~小雨,东风 1级,5
福州,2023-05-23,24,20,多云~阴,北风 2级,5
福州,2023-05-24,26,21,多云,东南风 1级,5
福州,2023-05-25,31,23,多云~阴,东南风 1级,5
福州,2023-05-26,32,23,多云~阴,南风 2级,5
福州,2023-05-27,29,22,多云,东北风 1级,5
福州,2023-05-28,32,24,多云,北风 1级,5
福州,2023-05-29,34,24,多云,东北风 1级,5
福州,2023-05-30,35,25,多云,西风 2级,5
福州,2023-05-31,35,25,多云,西北风 2级,5
福州,2023-06-01,36,25,多云,西南风 1级,6
福州,2023-06-02,37,26,多云~小雨,西风 1级,6
福州,2023-06-03,32,24,多云~阴,北风 3级,6
福州,2023-06-04,32,25,多云~阴,东风 1级,6
福州,2023-06-05,36,26,多云,东风 2级,6
福州,2023-06-06,37,26,中雨~小雨,东北风 2级,6
福州,2023-06-07,31,26,中雨~小雨,西北风 2级,6
福州,2023-06-08,32,25,多云~中雨,南风 2级,6
福州,2023-06-09,29,23,中雨,西风 2级,6
福州,2023-06-10,28,23,小雨~阴,西风 2级,6
福州,2023-06-11,33,24,多云~阴,东南风 2级,6
福州,2023-06-12,32,23,多云,西北风 1级,6
福州,2023-06-13,32,24,多云~阴,东南风 2级,6
福州,2023-06-14,27,24,大雨~中雨,北风 0级,6
福州,2023-06-15,27,24,小雨,西北风 1级,6
福州,2023-06-16,26,23,小雨,西南风 2级,6
福州,2023-06-17,29,25,小雨~阴,西风 2级,6
福州,2023-06-18,34,25,多云~阴,西风 2级,6
福州,2023-06-19,34,25,小雨~多云,西南风 1级,6
福州,2023-06-20,35,26,小雨~阴,西风 1级,6
福州,2023-06-21,34,25,大雨,南风 1级,6
福州,2023-06-22,31,24,大雨,西风 2级,6
福州,2023-06-23,29,25,小雨,东南风 2级,6
福州,2023-06-24,32,25,多云~阴,东南风 2级,6
福州,2023-06-25,35,25,多云~阴,南风 2级,6
福州,2023-06-26,35,26,多云,西北风 1级,6
福州,2023-06-27,34,25,晴,东风 2级,6
福州,2023-06-28,34,25,晴,东南风 2级,6
福州,2023-06-29,34,25,阴,南风 1级,6
福州,2023-06-30,34,26,阴,南风 2级,6
福州,2023-07-01,35,28,多云,南风 2级,7
福州,2023-07-02,35,27,多云~阴,南风 2级,7
福州,2023-07-03,35,27,多云,西南风 2级,7
福州,2023-07-04,35,28,多云,东南风 1级,7
福州,2023-07-05,37,28,多云~阴,东南风 2级,7
福州,2023-07-06,38,28,多云,西南风 2级,7
福州,2023-07-07,38,28,多云,东南风 2级,7
福州,2023-07-08,40,28,晴,东南风 2级,7
福州,2023-07-09,40,28,多云~晴,东南风 2级,7
福州,2023-07-10,38,28,多云~晴,南风 1级,7
福州,2023-07-11,38,27,多云~晴,南风 1级,7
福州,2023-07-12,38,27,多云,东南风 2级,7
福州,2023-07-13,38,26,多云,东南风 3级,7
福州,2023-07-14,38,27,阴~多云,西北风 2级,7
福州,2023-07-15,35,28,阴~多云,东南风 2级,7
福州,2023-07-16,34,27,多云~小雨,西南风 3级,7
福州,2023-07-17,31,27,小雨~阴,东南风 1级,7
福州,2023-07-18,35,27,雾~阴,东南风 2级,7
福州,2023-07-19,36,28,多云~阴,西北风 2级,7
福州,2023-07-20,35,28,阴~小雨,东风 0级,7
福州,2023-07-21,35,28,中雨~小雨,西北风 2级,7
福州,2023-07-22,35,27,阴,北风 2级,7
福州,2023-07-23,37,27,阴~多云,南风 1级,7
福州,2023-07-24,35,27,阴,东北风 1级,7
福州,2023-07-25,34,28,阴~小雨,东北风 3级,7
福州,2023-07-26,32,28,小雨,东北风 4级,7
福州,2023-07-27,31,28,小雨~中雨,东北风 4级,7
福州,2023-07-28,27,26,大雨,东南风 3级,7
福州,2023-07-29,27,25,大雨~中雨,北风 2级,7
福州,2023-07-30,31,25,小雨~阴,东风 1级,7
福州,2023-07-31,33,25,阴~多云,东风 1级,7
福州,2023-08-01,33,27,阴~多云,东北风 1级,8
福州,2023-08-02,35,27,阴~多云,东风 1级,8
福州,2023-08-03,35,28,小雨~阴,西北风 2级,8
福州,2023-08-04,37,29,阴~多云,西北风 2级,8
福州,2023-08-05,38,29,阴~多云,西北风 1级,8
福州,2023-08-06,38,29,阴~多云,东南风 1级,8
福州,2023-08-07,37,28,阴~小雨,南风 1级,8
福州,2023-08-08,35,27,阴,东南风 1级,8
福州,2023-08-09,36,27,小雨~中雨,南风 1级,8
福州,2023-08-10,31,25,小雨~阴,东北风 1级,8
福州,2023-08-11,33,26,小雨~阴,东南风 1级,8
福州,2023-08-12,32,26,中雨~阴,东南风 2级,8
福州,2023-08-13,34,27,阴,南风 2级,8
福州,2023-08-14,35,27,小雨,西南风 2级,8
福州,2023-08-15,35,27,暴雨~小雨,西南风 1级,8
福州,2023-08-16,34,27,阴~小雨,东南风 1级,8
福州,2023-08-17,34,26,中雨,东南风 1级,8
福州,2023-08-18,32,26,小雨,东南风 1级,8
福州,2023-08-19,28,25,小雨~中雨,东南风 1级,8
福州,2023-08-20,31,26,阴~多云,东南风 1级,8
福州,2023-08-21,33,26,多云,南风 1级,8
福州,2023-08-22,33,26,大雨~阴,西北风 1级,8
福州,2023-08-23,32,26,暴雨~阴,南风 1级,8
福州,2023-08-24,34,26,阴,东南风 1级,8
福州,2023-08-25,33,26,阴~多云,东风 1级,8
福州,2023-08-30,30,26,多云,东北风 3级,8
福州,2023-08-31,28,26,阴,东北风 3级,8
福州,2023-09-01,29,24,中雨,东北风 2级,9
福州,2023-09-02,28,23,小雨转阴,东北风 2级,9
福州,2023-09-03,29,24,小雨转中雨,东北风 3级,9
福州,2023-09-04,27,22,中雨转大雨,东北风 4级,9
福州,2023-09-05,27,23,中雨转大雨,东北风 2级,9
福州,2023-09-06,24,22,中雨转小雨,东北风 2级,9
福州,2023-09-07,28,23,阴,北风 1级,9
福州,2023-09-08,29,23,小雨转多云,东北风 2级,9
福州,2023-09-09,31,22,阴,东风 1级,9
福州,2023-09-10,30,22,多云转晴,东北风 1级,9
福州,2023-09-11,30,23,多云,东南风 1级,9
福州,2023-09-12,31,24,多云,东风 1级,9
福州,2023-09-13,31,23,多云转阴,东南风 1级,9
福州,2023-09-14,29,19,大雨,东南风 2级,9
福州,2023-09-15,33,25,多云,东南风 1级,9
福州,2023-09-16,30,25,晴,西南风 1级,9
福州,2023-09-17,33,24,小雨转多云,东风 1级,9
福州,2023-09-18,33,26,小雨转多云,东风 1级,9
福州,2023-09-19,32,24,多云,北风 2级,9
福州,2023-09-20,33,24,晴,南风 2级,9
福州,2023-09-21,33,25,多云,东风 3级,9
福州,2023-09-22,32,26,多云,东北风 2级,9
福州,2023-09-23,31,25,暴雨,北风 3级,9
福州,2023-09-24,28,22,多云转大雨,东北风 2级,9
厦门,2023-01-01,17,14,多云,东北风 3级,1
厦门,2023-01-02,18,14,多云,西南风 2级,1
厦门,2023-01-03,17,13,多云,东南风 2级,1
厦门,2023-01-04,18,12,多云,东北风 3级,1
厦门,2023-01-05,20,13,多云,东北风 2级,1
厦门,2023-01-06,23,13,多云,东风 2级,1
厦门,2023-01-07,20,11,晴,东风 3级,1
厦门,2023-01-08,20,15,多云,东北风 1级,1
厦门,2023-01-09,18,15,小雨,东北风 2级,1
厦门,2023-01-10,15,14,小雨,东北风 3级,1
厦门,2023-01-11,17,15,雾,东北风 2级,1
厦门,2023-01-12,19,17,雾,南风 1级,1
厦门,2023-01-13,18,17,小雨,东南风 1级,1
厦门,2023-01-14,25,14,雾,南风 2级,1
厦门,2023-01-15,13,10,中雨,东风 2级,1
厦门,2023-01-16,12,8,阴,东南风 2级,1
厦门,2023-01-17,15,9,阴,西风 1级,1
厦门,2023-01-18,15,10,多云,南风 1级,1
厦门,2023-01-19,17,11,晴,西北风 2级,1
厦门,2023-01-20,16,11,多云,东风 2级,1
厦门,2023-01-21,14,11,小雨,西北风 1级,1
厦门,2023-01-22,14,13,小雨,北风 1级,1
厦门,2023-01-23,17,12,雾,东南风 2级,1
厦门,2023-01-24,15,5,多云,东风 4级,1
厦门,2023-01-25,9,6,多云,东风 3级,1
厦门,2023-01-26,16,11,多云,西风 1级,1
厦门,2023-01-27,16,6,多云,东风 3级,1
厦门,2023-01-28,13,5,多云,东北风 2级,1
厦门,2023-01-29,15,6,晴,北风 1级,1
厦门,2023-01-30,16,8,晴,北风 2级,1
厦门,2023-01-31,21,13,晴,东南风 1级,1
厦门,2023-02-01,21,14,多云,西南风 1级,2
厦门,2023-02-02,19,11,多云,东北风 1级,2
厦门,2023-02-03,18,12,多云,东风 1级,2
厦门,2023-02-04,14,12,小雨,西北风 1级,2
厦门,2023-02-05,14,13,大雨,东风 1级,2
厦门,2023-02-06,20,13,雾,西风 1级,2
厦门,2023-02-07,17,14,小雨,东风 1级,2
厦门,2023-02-08,18,14,多云,东风 2级,2
厦门,2023-02-09,19,14,小雨,西南风 2级,2
厦门,2023-02-10,17,13,小雨,西南风 2级,2
厦门,2023-02-11,16,15,小雨,东风 1级,2
厦门,2023-02-12,19,17,雾,北风 1级,2
厦门,2023-02-13,26,13,雾,东风 3级,2
厦门,2023-02-14,14,9,多云,西风 2级,2
厦门,2023-02-15,14,8,多云,南风 2级,2
厦门,2023-02-16,16,8,晴,西南风 1级,2
厦门,2023-02-17,20,12,多云,东北风 1级,2
厦门,2023-02-18,23,14,雾,东北风 1级,2
厦门,2023-02-19,23,11,晴,东风 4级,2
厦门,2023-02-20,18,9,多云,东北风 1级,2
厦门,2023-02-21,17,8,多云,东风 2级,2
厦门,2023-02-22,15,10,多云,东南风 1级,2
厦门,2023-02-23,20,12,多云,东北风 1级,2
厦门,2023-02-24,20,11,多云,东北风 4级,2
厦门,2023-02-25,16,9,晴,东南风 2级,2
厦门,2023-02-26,15,8,晴,东北风 3级,2
厦门,2023-02-27,18,12,晴,北风 2级,2
厦门,2023-02-28,21,13,多云,西北风 1级,2
厦门,2023-03-01,22,14,雾~晴,东北风 5级,3
厦门,2023-03-02,18,10,多云~晴,东北风 3级,3
厦门,2023-03-03,19,12,晴~多云,东风 2级,3
厦门,2023-03-04,20,12,多云~晴,东北风 2级,3
厦门,2023-03-05,21,12,晴,东北风 2级,3
厦门,2023-03-06,22,12,晴,东北风 2级,3
厦门,2023-03-07,23,13,晴,东北风 1级,3
厦门,2023-03-08,24,14,雾~晴,北风 1级,3
厦门,2023-03-09,24,15,晴~多云,北风 1级,3
厦门,2023-03-10,25,14,晴,北风 1级,3
厦门,2023-03-11,24,15,晴~多云,东北风 1级,3
厦门,2023-03-12,25,13,多云~阴,东北风 6级,3
厦门,2023-03-13,19,10,多云,东风 2级,3
厦门,2023-03-14,20,13,多云~晴,东北风 1级,3
厦门,2023-03-15,23,15,雾~晴,东北风 2级,3
厦门,2023-03-16,24,16,多云,东风 2级,3
厦门,2023-03-17,24,16,雾~多云,东风 2级,3
厦门,2023-03-18,19,14,雾~多云,东风 2级,3
厦门,2023-03-19,20,16,多云,东风 1级,3
厦门,2023-03-20,23,17,雾~阴,南风 1级,3
厦门,2023-03-21,26,19,雾~阴,南风 1级,3
厦门,2023-03-22,27,20,雾~阴,南风 2级,3
厦门,2023-03-23,25,17,雾~小雨,东南风 2级,3
厦门,2023-03-24,18,14,小雨~中雨,东风 2级,3
厦门,2023-03-25,16,14,大雨~小雨,东风 2级,3
厦门,2023-03-26,14,12,小雨,西风 2级,3
厦门,2023-03-27,16,13,小雨~阴,东风 2级,3
厦门,2023-03-28,19,13,多云~阴,西南风 2级,3
厦门,2023-03-29,16,15,中雨~小雨,东风 1级,3
厦门,2023-03-30,19,15,雾~阴,东风 2级,3
厦门,2023-03-31,19,15,小雨,南风 2级,3
厦门,2023-04-01,20,15,雾~多云,东北风 1级,4
厦门,2023-04-02,23,16,雾~多云,东风 2级,4
厦门,2023-04-03,21,18,多云~阴,东南风 1级,4
厦门,2023-04-04,24,20,雾~小雨,东南风 1级,4
厦门,2023-04-05,22,18,大雨,东北风 1级,4
厦门,2023-04-06,19,16,小雨~中雨,东风 2级,4
厦门,2023-04-07,19,15,多云~晴,东北风 2级,4
厦门,2023-04-08,20,13,多云,南风 2级,4
厦门,2023-04-09,21,15,多云,南风 2级,4
厦门,2023-04-10,23,16,晴~多云,东风 1级,4
厦门,2023-04-11,27,19,多云,东北风 1级,4
厦门,2023-04-12,24,18,雾~多云,东南风 2级,4
厦门,2023-04-13,25,19,雾~多云,东南风 1级,4
厦门,2023-04-14,28,20,多云,西风 3级,4
厦门,2023-04-15,31,19,多云,西风 1级,4
厦门,2023-04-16,28,20,雾~晴,南风 1级,4
厦门,2023-04-17,29,21,雾~雷阵雨,西南风 2级,4
厦门,2023-04-18,23,21,暴雨~小雨,西风 1级,4
厦门,2023-04-19,24,21,暴雨~中雨,北风 1级,4
厦门,2023-04-20,26,20,雾~阴,东风 2级,4
厦门,2023-04-21,23,19,多云~阴,东风 3级,4
厦门,2023-04-22,24,19,多云,东南风 1级,4
厦门,2023-04-23,24,19,多云~阴,东风 2级,4
厦门,2023-04-24,22,18,雾~阵雨,东风 2级,4
厦门,2023-04-25,22,17,小雨,东风 2级,4
厦门,2023-04-26,20,17,多云,西风 2级,4
厦门,2023-04-27,24,17,多云,西风 2级,4
厦门,2023-04-28,27,20,雾~多云,北风 1级,4
厦门,2023-04-29,29,18,雾~小雨,西风 2级,4
厦门,2023-04-30,21,17,多云,东风 1级,4
厦门,2023-05-01,26,18,晴~多云,西风 2级,5
厦门,2023-05-02,27,21,多云~阴,东北风 1级,5
厦门,2023-05-03,28,22,多云~阴,东南风 1级,5
厦门,2023-05-04,28,24,小雨~阴,南风 2级,5
厦门,2023-05-05,29,23,多云~阴,南风 1级,5
厦门,2023-05-06,29,24,小雨~大雨,西南风 1级,5
厦门,2023-05-07,31,20,多云~中雨,西风 2级,5
厦门,2023-05-08,22,18,多云~阴,东北风 4级,5
厦门,2023-05-09,23,17,多云~晴,东风 2级,5
厦门,2023-05-10,25,19,晴,东北风 1级,5
厦门,2023-05-11,25,19,多云~阴,西风 1级,5
厦门,2023-05-12,24,20,雾~阴,东南风 1级,5
厦门,2023-05-13,25,21,雾~阴,南风 2级,5
厦门,2023-05-14,26,20,多云~阴,东南风 2级,5
厦门,2023-05-15,29,20,雾~阴,东北风 1级,5
厦门,2023-05-16,29,23,雾~小雨,东南风 2级,5
厦门,2023-05-17,26,24,小雨,东北风 1级,5
厦门,2023-05-18,30,23,雾~多云,东南风 1级,5
厦门,2023-05-19,29,22,雾~雷阵雨,东北风 2级,5
厦门,2023-05-20,26,22,雾~小雨,东风 1级,5
厦门,2023-05-21,30,25,雾~阴,东北风 1级,5
厦门,2023-05-22,31,21,小雨,东风 3级,5
厦门,2023-05-23,23,20,多云~阴,东风 1级,5
厦门,2023-05-24,26,22,多云,东风 1级,5
厦门,2023-05-25,28,23,多云,北风 1级,5
厦门,2023-05-26,31,23,多云,东风 1级,5
厦门,2023-05-27,31,23,雾~多云,西风 1级,5
厦门,2023-05-28,32,24,多云~晴,西南风 1级,5
厦门,2023-05-29,32,25,多云~晴,北风 4级,5
厦门,2023-05-30,36,26,晴,东南风 2级,5
厦门,2023-05-31,35,26,晴,西南风 1级,5
厦门,2023-06-01,33,26,多云,西北风 1级,6
厦门,2023-06-02,32,26,多云~小雨,北风 3级,6
厦门,2023-06-03,30,25,中雨~阴,东风 2级,6
厦门,2023-06-04,32,25,多云,东南风 2级,6
厦门,2023-06-05,32,25,晴~多云,北风 1级,6
厦门,2023-06-06,33,26,多云,东北风 1级,6
厦门,2023-06-07,32,26,中雨~阴,西南风 2级,6
厦门,2023-06-08,33,26,多云,西南风 1级,6
厦门,2023-06-09,32,25,大雨~中雨,西南风 1级,6
厦门,2023-06-10,25,24,大雨~中雨,西南风 1级,6
厦门,2023-06-11,30,24,多云~雷阵雨,东北风 1级,6
厦门,2023-06-12,29,24,多云,东北风 2级,6
厦门,2023-06-13,31,25,多云~阴,西北风 1级,6
厦门,2023-06-14,26,24,中雨,西南风 1级,6
厦门,2023-06-15,28,24,多云~小雨,东北风 2级,6
厦门,2023-06-16,27,24,小雨~中雨,西风 1级,6
厦门,2023-06-17,30,25,大雨~小雨,东风 1级,6
厦门,2023-06-18,30,26,多云,西风 1级,6
厦门,2023-06-19,31,26,大雨~阴,南风 2级,6
厦门,2023-06-20,34,26,多云,东北风 1级,6
厦门,2023-06-21,34,27,多云,东风 2级,6
厦门,2023-06-22,33,26,多云~阴,东风 1级,6
厦门,2023-06-23,30,26,小雨,北风 1级,6
厦门,2023-06-24,30,26,小雨~阴,东北风 1级,6
厦门,2023-06-25,31,26,多云,北风 1级,6
厦门,2023-06-26,32,26,多云,北风 1级,6
厦门,2023-06-27,30,25,阴,西风 3级,6
厦门,2023-06-28,33,25,晴,西风 1级,6
厦门,2023-06-29,30,26,多云,南风 1级,6
厦门,2023-06-30,32,25,阴,东风 2级,6
厦门,2023-07-01,31,26,多云~阴,东北风 1级,7
厦门,2023-07-02,30,26,中雨~小雨,东北风 2级,7
厦门,2023-07-03,30,26,小雨~雷阵雨,东北风 2级,7
厦门,2023-07-04,31,26,大雨~多云,西北风 2级,7
厦门,2023-07-05,34,26,多云,西南风 1级,7
厦门,2023-07-06,34,26,多云~晴,西南风 1级,7
厦门,2023-07-07,35,27,多云~晴,东北风 1级,7
厦门,2023-07-08,34,26,晴,北风 1级,7
厦门,2023-07-09,35,27,多云~晴,东风 1级,7
厦门,2023-07-10,35,27,多云~晴,东风 1级,7
厦门,2023-07-11,33,26,多云~晴,南风 3级,7
厦门,2023-07-12,33,26,多云~晴,西北风 1级,7
厦门,2023-07-13,35,26,多云,北风 1级,7
厦门,2023-07-14,36,27,多云,西北风 1级,7
厦门,2023-07-15,33,27,阴~多云,西风 2级,7
厦门,2023-07-16,33,26,阴~小雨,西风 2级,7
厦门,2023-07-17,32,26,阴~中雨,东风 2级,7
厦门,2023-07-18,30,26,阴~小雨,东南风 2级,7
厦门,2023-07-19,32,26,中雨~多云,西风 1级,7
厦门,2023-07-20,34,26,阴~多云,东北风 1级,7
厦门,2023-07-21,32,26,多云~阴,南风 1级,7
厦门,2023-07-22,34,27,阴~多云,东北风 2级,7
厦门,2023-07-23,32,27,阴,南风 1级,7
厦门,2023-07-24,36,27,多云~晴,西风 2级,7
厦门,2023-07-25,35,28,阴,北风 3级,7
厦门,2023-07-26,34,28,阴,东北风 5级,7
厦门,2023-07-27,34,25,阴~暴雨,北风 3级,7
厦门,2023-07-28,27,25,大暴雨~大雨,东北风 5级,7
厦门,2023-07-29,29,26,暴雨,南风 3级,7
厦门,2023-07-30,30,25,阴~小雨,东南风 2级,7
厦门,2023-07-31,30,26,小雨~阴,东北风 1级,7
厦门,2023-08-01,31,26,阴~多云,东北风 1级,8
厦门,2023-08-02,33,26,多云,西南风 2级,8
厦门,2023-08-03,36,28,阴,西南风 3级,8
厦门,2023-08-04,36,29,阴~多云,西南风 3级,8
厦门,2023-08-05,36,28,阴~多云,西南风 3级,8
厦门,2023-08-06,36,28,阴~晴,西南风 3级,8
厦门,2023-08-07,35,28,阴,南风 2级,8
厦门,2023-08-08,33,27,小雨,南风 1级,8
厦门,2023-08-09,34,26,多云~小雨,南风 2级,8
厦门,2023-08-10,32,25,小雨~中雨,东南风 1级,8
厦门,2023-08-11,29,24,多云,西北风 1级,8
厦门,2023-08-12,29,25,中雨~多云,西南风 3级,8
厦门,2023-08-13,30,26,阴~多云,西南风 4级,8
厦门,2023-08-14,34,27,阴~多云,西南风 4级,8
厦门,2023-08-15,34,27,阴,西南风 3级,8
厦门,2023-08-16,34,26,小雨,西南风 2级,8
厦门,2023-08-17,32,25,小雨,东南风 2级,8
厦门,2023-08-18,31,25,阴~小雨,东风 2级,8
厦门,2023-08-19,29,25,中雨,东南风 2级,8
厦门,2023-08-20,25,24,中雨~阴,东南风 1级,8
厦门,2023-08-21,31,26,阴~多云,西南风 2级,8
厦门,2023-08-22,32,26,小雨~阴,西南风 2级,8
厦门,2023-08-23,31,26,阴~多云,南风 2级,8
厦门,2023-08-24,33,26,阴,南风 2级,8
厦门,2023-08-25,32,26,阴,东南风 2级,8
厦门,2023-08-26,32,25,小雨到中雨,北风 3级,8
厦门,2023-08-27,31,24,阴,南风 2级,8
厦门,2023-08-28,31,24,多云转阴,南风 1级,8
厦门,2023-08-29,33,26,阴,西风 2级,8
厦门,2023-08-30,32,26,多云转阴,北风 3级,8
厦门,2023-08-31,29,24,中雨,东北风 4级,8
厦门,2023-09-01,26,24,小雨到中雨,东风 3级,9
厦门,2023-09-02,30,24,小雨转多云,东北风 3级,9
厦门,2023-09-03,33,27,阴转小雨,北风 3级,9
厦门,2023-09-04,31,24,小雨转多云,东风 3级,9
厦门,2023-09-05,25,24,阴,东风 3级,9
厦门,2023-09-06,25,24,中雨,东风 3级,9
厦门,2023-09-07,28,24,小雨转阴,东北风 3级,9
厦门,2023-09-08,27,25,小雨转中雨,东北风 3级,9
厦门,2023-09-09,29,24,小雨转多云,东北风 3级,9
厦门,2023-09-10,29,24,阴转多云,东北风 2级,9
厦门,2023-09-11,30,23,小雨转中雨,东南风 3级,9
厦门,2023-09-12,22,20,中雨转阴,西北风 1级,9
厦门,2023-09-13,30,24,多云转阴,东南风 1级,9
厦门,2023-09-14,31,24,小雨转多云,南风 2级,9
厦门,2023-09-15,31,24,小雨转多云,南风 2级,9
厦门,2023-09-16,29,23,阴转多云,西风 1级,9
厦门,2023-09-17,31,22,小雨转晴,西北风 2级,9
厦门,2023-09-18,32,25,小雨转晴,东南风 1级,9
厦门,2023-09-19,32,25,晴,东南风 2级,9
厦门,2023-09-20,33,26,晴,东南风 2级,9
厦门,2023-09-21,24,18,阴,西南风 2级,9
厦门,2023-09-22,32,25,晴,东风 2级,9
厦门,2023-09-23,32,26,晴,西风 1级,9
厦门,2023-09-24,31,26,晴,西南风 2级,9
厦门,2023-09-25,31,23,多云,西风 2级,9
上海,2023-01-01,8,5,多云,北风 3级,1
上海,2023-01-02,9,4,阴,东北风 2级,1
上海,2023-01-03,10,3,多云,东风 2级,1
上海,2023-01-04,11,5,多云,东风 2级,1
上海,2023-01-05,12,7,多云,东南风 2级,1
上海,2023-01-06,14,6,多云,西北风 2级,1
上海,2023-01-07,15,6,晴,东风 1级,1
上海,2023-01-08,16,7,晴,东风 2级,1
上海,2023-01-09,16,7,晴,东北风 3级,1
上海,2023-01-10,12,6,晴,东北风 1级,1
上海,2023-01-11,15,11,晴,东南风 1级,1
上海,2023-01-12,19,13,阴,东南风 1级,1
上海,2023-01-13,17,9,中雨,东北风 1级,1
上海,2023-01-14,11,1,小雨,北风 1级,1
上海,2023-01-15,0,-1,阴,西北风 1级,1
上海,2023-01-16,3,0,阴,西北风 2级,1
上海,2023-01-17,6,0,阴,西风 2级,1
上海,2023-01-18,8,1,晴,北风 1级,1
上海,2023-01-19,10,3,晴,北风 2级,1
上海,2023-01-20,10,2,晴,东北风 1级,1
上海,2023-01-21,10,7,多云,东南风 2级,1
上海,2023-01-22,9,6,小雨,南风 1级,1
上海,2023-01-23,8,-1,小雨,北风 3级,1
上海,2023-01-24,0,-4,晴,北风 3级,1
上海,2023-01-25,2,-1,多云,东南风 2级,1
上海,2023-01-26,8,0,晴,东风 2级,1
上海,2023-01-27,4,-2,多云,西风 1级,1
上海,2023-01-28,6,0,晴,西南风 2级,1
上海,2023-01-29,10,0,晴,西风 2级,1
上海,2023-01-30,13,5,晴,东风 1级,1
上海,2023-01-31,17,5,多云,南风 2级,1
上海,2023-02-01,13,3,晴,东南风 1级,2
上海,2023-02-02,6,4,多云,西南风 1级,2
上海,2023-02-03,8,2,多云,东风 1级,2
上海,2023-02-04,9,5,多云,东风 3级,2
上海,2023-02-05,10,8,多云,东风 1级,2
上海,2023-02-06,10,7,小雨,北风 1级,2
上海,2023-02-07,12,6,多云,东北风 2级,2
上海,2023-02-08,10,7,多云,东风 1级,2
上海,2023-02-09,9,6,中雨,西北风 2级,2
上海,2023-02-10,8,6,多云,东风 2级,2
上海,2023-02-11,10,8,小雨,东北风 1级,2
上海,2023-02-12,14,6,小雨,北风 3级,2
上海,2023-02-13,7,3,小雨,北风 1级,2
上海,2023-02-14,7,2,多云,北风 2级,2
上海,2023-02-15,9,2,晴,东北风 2级,2
上海,2023-02-16,11,6,晴,东北风 1级,2
上海,2023-02-17,11,10,多云,东风 1级,2
上海,2023-02-18,21,8,多云,西北风 2级,2
上海,2023-02-19,11,3,多云,北风 1级,2
上海,2023-02-20,12,4,晴,东北风 2级,2
上海,2023-02-21,7,4,多云,东北风 2级,2
上海,2023-02-22,8,5,多云,西南风 1级,2
上海,2023-02-23,7,4,多云,东北风 2级,2
上海,2023-02-24,10,4,多云,北风 2级,2
上海,2023-02-25,9,2,晴,东北风 2级,2
上海,2023-02-26,10,3,晴,东北风 2级,2
上海,2023-02-27,12,7,多云,北风 1级,2
上海,2023-02-28,18,9,晴,北风 1级,2
上海,2023-03-01,16,6,多云,东北风 1级,3
上海,2023-03-02,13,4,多云~晴,东风 2级,3
上海,2023-03-03,13,6,多云,北风 1级,3
上海,2023-03-04,18,7,晴,东南风 2级,3
上海,2023-03-05,18,9,晴,东南风 2级,3
上海,2023-03-06,23,10,晴~多云,西北风 1级,3
上海,2023-03-07,23,12,多云,南风 3级,3
上海,2023-03-08,24,14,多云,北风 2级,3
上海,2023-03-09,25,13,多云~晴,东北风 1级,3
上海,2023-03-10,27,13,晴~多云,东南风 1级,3
上海,2023-03-11,22,10,多云~小雨,北风 1级,3
上海,2023-03-12,12,5,小雨~多云,南风 1级,3
上海,2023-03-13,14,7,多云~晴,东北风 1级,3
上海,2023-03-14,20,11,晴,东南风 3级,3
上海,2023-03-15,23,9,多云,东北风 3级,3
上海,2023-03-16,15,8,多云~小雨,东北风 1级,3
上海,2023-03-17,9,7,大雨~多云,北风 1级,3
上海,2023-03-18,11,7,多云,北风 1级,3
上海,2023-03-19,13,10,多云~小雨,北风 1级,3
上海,2023-03-20,14,12,多云~中雨,东南风 2级,3
上海,2023-03-21,15,13,小雨,东风 1级,3
上海,2023-03-22,17,11,小雨,北风 2级,3
上海,2023-03-23,13,9,小雨,北风 1级,3
上海,2023-03-24,11,7,小雨~阴,东北风 1级,3
上海,2023-03-25,10,7,多云~阴,东风 1级,3
上海,2023-03-26,16,7,多云~晴,东南风 1级,3
上海,2023-03-27,18,7,多云~晴,东南风 2级,3
上海,2023-03-28,20,10,多云,北风 1级,3
上海,2023-03-29,16,11,多云~小雨,北风 2级,3
上海,2023-03-30,14,11,小雨~阴,东北风 2级,3
上海,2023-03-31,18,11,多云~阴,东风 2级,3
上海,2023-04-01,21,10,多云~晴,东风 2级,4
上海,2023-04-02,23,12,晴,西北风 1级,4
上海,2023-04-03,21,15,多云~小雨,北风 1级,4
上海,2023-04-04,20,13,多云~小雨,东南风 1级,4
上海,2023-04-05,17,10,多云,西北风 2级,4
上海,2023-04-06,13,10,小雨~多云,西北风 2级,4
上海,2023-04-07,17,8,多云,东北风 2级,4
上海,2023-04-08,19,10,晴,东风 1级,4
上海,2023-04-09,20,12,晴,西北风 1级,4
上海,2023-04-10,26,17,多云,西风 1级,4
上海,2023-04-11,24,13,多云,北风 1级,4
上海,2023-04-12,22,13,晴,北风 1级,4
上海,2023-04-13,22,16,多云~小雨,西北风 1级,4
上海,2023-04-14,23,15,多云~阴,北风 3级,4
上海,2023-04-15,23,15,多云~小雨,西南风 3级,4
上海,2023-04-16,27,16,多云~晴,北风 1级,4
上海,2023-04-17,25,19,晴~多云,南风 3级,4
上海,2023-04-18,30,18,多云~中雨,东风 1级,4
上海,2023-04-19,23,16,多云,北风 3级,4
上海,2023-04-20,22,13,多云,北风 1级,4
上海,2023-04-21,21,13,多云~晴,北风 3级,4
上海,2023-04-22,22,14,多云~小雨,东风 2级,4
上海,2023-04-23,16,13,多云~小雨,北风 1级,4
上海,2023-04-24,15,12,多云~阴,北风 1级,4
上海,2023-04-25,16,12,多云,西风 2级,4
上海,2023-04-26,22,13,多云~晴,东南风 2级,4
上海,2023-04-27,22,16,阴~多云,西北风 1级,4
上海,2023-04-28,28,18,多云~小雨,西南风 2级,4
上海,2023-04-29,18,13,小雨~晴,北风 1级,4
上海,2023-04-30,24,15,多云~晴,北风 1级,4
上海,2023-05-01,29,16,晴~多云,东南风 3级,5
上海,2023-05-02,26,18,阴~多云,西北风 1级,5
上海,2023-05-03,27,22,多云~阴,东南风 4级,5
上海,2023-05-04,29,21,小雨~中雨,东南风 3级,5
上海,2023-05-05,25,17,大雨~阴,北风 2级,5
上海,2023-05-06,21,15,多云~小雨,北风 1级,5
上海,2023-05-07,17,13,多云~阴,北风 3级,5
上海,2023-05-08,21,13,多云~晴,东北风 2级,5
上海,2023-05-09,24,13,多云~阴,北风 1级,5
上海,2023-05-10,23,16,多云~阴,东风 2级,5
上海,2023-05-11,20,16,多云~阴,北风 1级,5
上海,2023-05-12,23,17,多云~晴,南风 2级,5
上海,2023-05-13,27,20,多云,北风 1级,5
上海,2023-05-14,31,21,多云~晴,西南风 3级,5
上海,2023-05-15,34,21,晴,西南风 1级,5
上海,2023-05-16,30,20,多云~小雨,北风 2级,5
上海,2023-05-17,21,19,大雨~小雨,南风 3级,5
上海,2023-05-18,22,18,小雨~阴,东北风 2级,5
上海,2023-05-19,23,18,阴~多云,东南风 2级,5
上海,2023-05-20,24,18,多云~晴,东南风 3级,5
上海,2023-05-21,28,19,多云~小雨,东风 3级,5
上海,2023-05-22,18,14,小雨~阴,西北风 2级,5
上海,2023-05-23,27,18,多云,东南风 2级,5
上海,2023-05-24,20,17,小雨~晴,东风 1级,5
上海,2023-05-25,27,21,晴,南风 1级,5
上海,2023-05-26,28,21,多云~小雨,东南风 3级,5
上海,2023-05-27,26,22,多云~阴,东南风 2级,5
上海,2023-05-28,32,23,多云~小雨,北风 1级,5
上海,2023-05-29,36,23,多云~小雨,东北风 2级,5
上海,2023-05-30,29,21,多云~阴,东北风 1级,5
上海,2023-05-31,27,22,多云~阴,东风 2级,5
上海,2023-06-01,29,22,阴,东北风 1级,6
上海,2023-06-02,33,22,多云,东北风 3级,6
上海,2023-06-03,27,20,多云~阴,东风 2级,6
上海,2023-06-04,26,21,阴~小雨,南风 1级,6
上海,2023-06-05,26,20,中雨~小雨,西北风 3级,6
上海,2023-06-06,26,20,阵雨~阴,北风 1级,6
上海,2023-06-07,24,22,阴~小雨,东南风 2级,6
上海,2023-06-08,31,22,多云,西南风 2级,6
上海,2023-06-09,35,23,晴,南风 3级,6
上海,2023-06-10,34,23,阴~小雨,东南风 3级,6
上海,2023-06-11,29,22,阴,东风 3级,6
上海,2023-06-12,27,22,阴,北风 1级,6
上海,2023-06-13,25,21,多云,东风 2级,6
上海,2023-06-14,31,22,小雨~多云,南风 1级,6
上海,2023-06-15,31,23,阴~晴,东北风 1级,6
上海,2023-06-16,29,22,阴~小雨,南风 3级,6
上海,2023-06-17,23,21,小雨~中雨,东风 2级,6
上海,2023-06-18,24,23,大雨~中雨,东北风 2级,6
上海,2023-06-19,25,24,大雨~小雨,南风 2级,6
上海,2023-06-20,30,24,多云~阴,东北风 2级,6
上海,2023-06-21,34,24,多云~阴,东南风 1级,6
上海,2023-06-22,32,23,多云~阴,南风 2级,6
上海,2023-06-23,29,21,阴~暴雨,东南风 3级,6
上海,2023-06-24,23,22,暴雨~大雨,东南风 3级,6
上海,2023-06-25,30,24,多云~小雨,东南风 2级,6
上海,2023-06-26,30,25,多云~小雨,西北风 1级,6
上海,2023-06-27,32,24,多云,南风 3级,6
上海,2023-06-28,34,26,阴,南风 2级,6
上海,2023-06-29,29,20,晴,西北风 1级,6
上海,2023-06-30,30,24,中雨到暴雨,西风 1级,6
上海,2023-07-01,34,27,阴~多云,东南风 2级,7
上海,2023-07-02,35,27,多云~小雨,东南风 2级,7
上海,2023-07-03,34,28,多云~阴,东南风 2级,7
上海,2023-07-04,36,27,多云~小雨,西北风 3级,7
上海,2023-07-05,31,27,多云,南风 1级,7
上海,2023-07-06,35,28,多云~阴,南风 3级,7
上海,2023-07-07,36,27,小雨,北风 2级,7
上海,2023-07-08,28,26,小雨,南风 2级,7
上海,2023-07-09,31,27,小雨~中雨,西南风 2级,7
上海,2023-07-10,32,28,小雨~阴,东南风 1级,7
上海,2023-07-11,37,28,多云,南风 3级,7
上海,2023-07-12,38,28,多云,南风 3级,7
上海,2023-07-13,37,28,多云,南风 1级,7
上海,2023-07-14,37,29,阴,南风 2级,7
上海,2023-07-15,36,27,阴~小雨,东风 1级,7
上海,2023-07-16,31,27,中雨~小雨,东南风 2级,7
上海,2023-07-17,33,26,阴~晴,东风 1级,7
上海,2023-07-18,34,27,阴~多云,东风 1级,7
上海,2023-07-19,31,26,阴~中雨,东风 2级,7
上海,2023-07-20,27,26,暴雨~小雨,东南风 3级,7
上海,2023-07-21,34,28,阴~小雨,东南风 1级,7
上海,2023-07-22,32,27,小雨,西风 1级,7
上海,2023-07-23,32,26,阴~小雨,北风 1级,7
上海,2023-07-24,32,27,阴,南风 2级,7
上海,2023-07-25,34,27,阴~多云,北风 0级,7
上海,2023-07-26,33,26,阴~小雨,东北风 1级,7
上海,2023-07-27,31,26,小雨~中雨,东南风 2级,7
上海,2023-07-28,29,26,阴~中雨,东风 3级,7
上海,2023-07-29,28,27,中雨~阴,东南风 5级,7
上海,2023-07-30,33,27,阴~晴,东南风 2级,7
上海,2023-07-31,33,27,阴~小雨,东风 3级,7
上海,2023-08-01,29,27,中雨~阴,东风 3级,8
上海,2023-08-02,33,27,阴~小雨,东北风 3级,8
上海,2023-08-03,32,28,阴~多云,东北风 4级,8
上海,2023-08-04,33,28,阴~多云,东北风 3级,8
上海,2023-08-05,34,27,阴~多云,东北风 3级,8
上海,2023-08-06,36,28,阴~多云,东北风 2级,8
上海,2023-08-07,35,27,阴~多云,东北风 2级,8
上海,2023-08-08,34,27,阴~晴,东北风 3级,8
上海,2023-08-09,34,27,小雨~晴,北风 3级,8
上海,2023-08-10,35,27,阴~多云,西北风 3级,8
上海,2023-08-11,36,28,阴~多云,东北风 2级,8
上海,2023-08-12,36,28,晴,东南风 3级,8
上海,2023-08-13,36,28,阴~小雨,东风 3级,8
上海,2023-08-14,33,27,阴~小雨,东北风 3级,8
上海,2023-08-15,32,27,阴~多云,东北风 2级,8
上海,2023-08-16,34,27,阴~多云,东南风 2级,8
上海,2023-08-17,34,27,中雨~阴,东南风 2级,8
上海,2023-08-18,32,27,阴~多云,东南风 2级,8
上海,2023-08-19,34,27,阴,东南风 3级,8
上海,2023-08-20,34,28,阴,东南风 3级,8
上海,2023-08-21,35,27,阴,西南风 3级,8
上海,2023-08-22,35,25,中雨,西北风 2级,8
上海,2023-08-23,32,25,暴雨~多云,北风 2级,8
上海,2023-08-24,33,26,阴,东北风 2级,8
上海,2023-08-25,33,27,阴,东北风 3级,8
上海,2023-08-26,32,24,多云,东风 2级,8
上海,2023-08-27,31,26,阴,北风 1级,8
上海,2023-08-28,31,21,中雨到暴风雨,西北风 1级,8
上海,2023-08-29,23,22,大雨到暴雨,西风 1级,8
上海,2023-08-30,23,20,阴,北风 3级,8
上海,2023-08-31,27,20,阴转多云,北风 3级,8
上海,2023-09-01,30,18,轻度雾霾,东南风 1级,9
上海,2023-09-02,29,24,多云转小雨,东北风 4级,9
上海,2023-09-03,29,17,晴,西南风 2级,9
上海,2023-09-04,31,24,小雨转多云,东风 2级,9
上海,2023-09-05,30,26,多云,东北风 3级,9
上海,2023-09-06,31,25,晴转多云,东北风 3级,9
上海,2023-09-07,31,24,晴转多云,东北风 2级,9
上海,2023-09-08,31,22,晴转多云,东风 2级,9
上海,2023-09-09,30,23,多云转中雨,东北风 2级,9
上海,2023-09-10,31,21,多云,东南风 2级,9
上海,2023-09-11,31,24,中雨转小雨,东南风 3级,9
上海,2023-09-12,29,24,多云,东南风 2级,9
上海,2023-09-13,27,23,小雨转阴,东南风 2级,9
上海,2023-09-14,25,22,阴,北风 3级,9
上海,2023-09-15,26,23,中雨转小雨,北风 2级,9
上海,2023-09-16,26,24,小雨转多云,西风 2级,9
上海,2023-09-17,31,22,小雨转多云,北风 2级,9
上海,2023-09-18,31,23,晴,东南风 3级,9
上海,2023-09-19,33,25,阴,北风 1级,9
上海,2023-09-20,29,23,阴,东北风 0级,9
上海,2023-09-21,23,20,多云,西南风 2级,9
上海,2023-09-22,23,20,小雨,东北风 3级,9
